Model,F1-Score (Macro),Test Loss
TF-IDF + Logistic Regression,0.7781441553832542,N/A
Word2Vec + Dense,0.7467123519897134,0.8128336071968079
LSTM (Pre-trained),0.5776594233892329,2.213813066482544
LSTM (Scratch),0.13118856544266388,3.1063501834869385
